brad lstran01 done |11-11-2021 21:32:45|
kristina lstran01 done |11-11-2021 21:33:04|
bela lstran01 done |11-11-2021 22:04:43|
felix lstran01 done |11-11-2021 22:49:43|
gil lstran01 done |11-11-2021 22:56:17|
student lstran01 missing |11-11-2021 22:57:01|
finn lstran01 done |11-11-2021 23:04:11|
brad lstran01 done |11-11-2021 23:07:18|
r lstran01 done |11-11-2021 23:08:34|
e lstran01 fart |11-11-2021 23:09:53|
hello lstran01 done |11-11-2021 23:10:51|
goodbye lstran01 done |11-11-2021 23:10:58|
dog lstran01 done |11-12-2021 00:09:43|
hii lstran01 done |11-12-2021 00:14:14|
q q q |11-12-2021 00:47:06|
